step,nll_sum,grad_inf,n_active,e_iters,step_time_s,cumulative_time_s
0,31546.140625,1.133725e+03,5,27,5.4683,5.4683
1,23024.238281,1.190000e+02,5,1,0.5574,6.0257
