step,nll_sum,grad_inf,n_active,e_iters,step_time_s,cumulative_time_s
0,6137.966309,8.260977e+02,1,23,5.3087,5.3087
1,5098.742188,1.150000e+02,1,1,0.1685,5.4772
