step,nll_sum,grad_inf,n_active,e_iters,step_time_s,cumulative_time_s
0,31546.693359,1.135307e+03,5,27,11.5746,11.5746
1,23024.238281,1.190000e+02,5,1,0.8522,12.4268
