step,nll_sum,grad_inf,n_active,e_iters,step_time_s,cumulative_time_s
0,126369.328125,1.167499e+03,20,2000,8.8176,8.8176
1,90118.000000,1.190000e+02,20,1,2.2686,11.0863
