step,nll_sum,grad_inf,n_active,e_iters,step_time_s,cumulative_time_s
0,854.154663,7.371746e+01,3,25,2.9470,2.9470
1,691.793213,7.811879e+01,3,1,0.6058,3.5528
