{
  "iteration": [
    0
  ],
  "log_likelihood": [
    -6.449833574780374
  ],
  "delta": [
    1e-20
  ],
  "tau": [
    1e-20
  ],
  "lambda": [
    1e-20
  ],
  "gradient_norm": [
    19.686894720105926
  ],
  "gradients": [
    [
      -11.538461539117861,
      -11.013702117868007,
      -11.538461539117861
    ]
  ],
  "e_time": [
    0.042327880859375
  ],
  "pi_total_time": [
    0.9704103469848633
  ],
  "pi_avg_iter_time": [
    0.019345130920410156
  ],
  "ll_time": [
    0.042984724044799805
  ],
  "gradient_time": [
    2.176661968231201
  ],
  "total_iteration_time": [
    3.244865894317627
  ],
  "cumulative_time": [
    3.244865894317627
  ],
  "e_iterations": [
    8
  ],
  "pi_iterations": [
    50
  ],
  "pi_individual_times": [
    [
      0.9487118721008301,
      0.0006170272827148438,
      0.0004010200500488281,
      0.0003542900085449219,
      0.0003497600555419922,
      0.0003352165222167969,
      0.00033283233642578125,
      0.0003592967987060547,
      0.0004773139953613281,
      0.0005223751068115234,
      0.00032901763916015625,
      0.00034308433532714844,
      0.00033926963806152344,
      0.0009288787841796875,
      0.0004029273986816406,
      0.00032901763916015625,
      0.0003337860107421875,
      0.0003218650817871094,
      0.00044608116149902344,
      0.0003604888916015625,
      0.0003361701965332031,
      0.0003361701965332031,
      0.0003542900085449219,
      0.00046133995056152344,
      0.00035119056701660156,
      0.00032138824462890625,
      0.0003592967987060547,
      0.00033354759216308594,
      0.00042057037353515625,
      0.0003337860107421875,
      0.0004611015319824219,
      0.0005452632904052734,
      0.0003323554992675781,
      0.00044608116149902344,
      0.00032901763916015625,
      0.0003139972686767578,
      0.0003383159637451172,
      0.0003361701965332031,
      0.0003235340118408203,
      0.0003235340118408203,
      0.00033926963806152344,
      0.0003333091735839844,
      0.0003476142883300781,
      0.00033092498779296875,
      0.00032448768615722656,
      0.00032782554626464844,
      0.00031828880310058594,
      0.0003323554992675781,
      0.00033164024353027344,
      0.00031828880310058594
    ]
  ],
  "gradient_parameter_timings": [
    [
      {
        "parameter": "delta",
        "time": 0.934279203414917,
        "pos_pi_time": 0.540677547454834,
        "neg_pi_time": 0.39258837699890137
      },
      {
        "parameter": "tau",
        "time": 0.776707649230957,
        "pos_pi_time": 0.3885796070098877,
        "neg_pi_time": 0.3872947692871094
      },
      {
        "parameter": "lambda",
        "time": 0.44588804244995117,
        "pos_pi_time": 0.22249221801757812,
        "neg_pi_time": 0.22223615646362305
      }
    ]
  ]
}