{
  "iteration": [
    0
  ],
  "log_likelihood": [
    -5.983936280687191
  ],
  "delta": [
    1e-20
  ],
  "tau": [
    1e-20
  ],
  "lambda": [
    1e-20
  ],
  "gradient_norm": [
    531.5976008615735
  ],
  "gradients": [
    [
      -306.9230769199294,
      -306.90789978393695,
      -306.9230769199294
    ]
  ],
  "e_time": [
    0.0002410411834716797
  ],
  "pi_total_time": [
    0.4833991527557373
  ],
  "pi_avg_iter_time": [
    0.009604630470275878
  ],
  "ll_time": [
    0.0001971721649169922
  ],
  "gradient_time": [
    1.312284231185913
  ],
  "total_iteration_time": [
    2.922516107559204
  ],
  "cumulative_time": [
    2.922516107559204
  ],
  "e_iterations": [
    2
  ],
  "pi_iterations": [
    50
  ],
  "pi_individual_times": [
    [
      0.4205284118652344,
      0.0012431144714355469,
      0.0011780261993408203,
      0.0011730194091796875,
      0.0011599063873291016,
      0.001142263412475586,
      0.001142263412475586,
      0.0011570453643798828,
      0.0011479854583740234,
      0.0011446475982666016,
      0.0011391639709472656,
      0.0011522769927978516,
      0.0011479854583740234,
      0.0011439323425292969,
      0.0011501312255859375,
      0.0011627674102783203,
      0.0011658668518066406,
      0.0011668205261230469,
      0.001207590103149414,
      0.0011897087097167969,
      0.0011966228485107422,
      0.0011930465698242188,
      0.0012247562408447266,
      0.001210927963256836,
      0.0012104511260986328,
      0.001230478286743164,
      0.0012326240539550781,
      0.0012183189392089844,
      0.0012137889862060547,
      0.0012216567993164062,
      0.001230001449584961,
      0.001226186752319336,
      0.0012166500091552734,
      0.0012078285217285156,
      0.0012421607971191406,
      0.0012307167053222656,
      0.0012240409851074219,
      0.00122833251953125,
      0.0012216567993164062,
      0.0012197494506835938,
      0.001215219497680664,
      0.0012383460998535156,
      0.0012354850769042969,
      0.0012416839599609375,
      0.0012476444244384766,
      0.0012221336364746094,
      0.0013933181762695312,
      0.0014052391052246094,
      0.0012249946594238281,
      0.001764535903930664
    ]
  ],
  "gradient_parameter_timings": [
    [
      {
        "parameter": "delta",
        "time": 0.5179483890533447,
        "pos_pi_time": 0.3191549777984619,
        "neg_pi_time": 0.19797039031982422
      },
      {
        "parameter": "tau",
        "time": 0.3749263286590576,
        "pos_pi_time": 0.1961207389831543,
        "neg_pi_time": 0.17778730392456055
      },
      {
        "parameter": "lambda",
        "time": 0.35343027114868164,
        "pos_pi_time": 0.1772162914276123,
        "neg_pi_time": 0.17492938041687012
      }
    ]
  ]
}