{
  "gradient_descent": {
    "iteration": [
      0,
      1,
      2,
      3,
      4,
      5,
      6,
      7,
      8,
      9,
      10,
      11,
      12,
      13,
      14,
      15,
      16,
      17,
      18,
      19
    ],
    "log_likelihood": [
      -106.54300327912149,
      -13.012624481766066,
      -11.573316395490556,
      -10.63854895982025,
      -9.978820981360322,
      -9.486739306255995,
      -9.104848319087704,
      -8.799459001430362,
      -8.549444688336717,
      -8.34085471362645,
      -8.164091253187335,
      -8.012326652178508,
      -7.880566899166662,
      -7.765072244852356,
      -7.662985145716782,
      -7.572083631692419,
      -7.490613273379442,
      -7.417169930735264,
      -7.350616197016305,
      -7.290020732760889
    ],
    "delta": [
      0.09554546459796295,
      0.005923748171026079,
      0.004702229820976634,
      0.003911253416890796,
      0.0033541180426738646,
      0.0029391556780008423,
      0.0026174659788556843,
      0.0023604388359535003,
      0.0021501632283066454,
      0.00197482815381755,
      0.0018263170520441505,
      0.0016988614967042852,
      0.001588245658251879,
      0.0014913147349677718,
      0.0014056596125547457,
      0.0013294080164749343,
      0.0012610823349880455,
      0.0011995004794563989,
      0.001143705279415,
      0.001092913248710313
    ],
    "tau": [
      0.09554546459796295,
      0.00592456495872811,
      0.004702771192915552,
      0.003911648866749038,
      0.0033544250290280866,
      0.0029394041479727322,
      0.002617673290738297,
      0.0023606158457216884,
      0.0021503171255987494,
      0.0019749639184027694,
      0.0018264382596888617,
      0.0016989707923517334,
      0.001588345047540016,
      0.0014914057712372398,
      0.0014057435208921774,
      0.0013294857784977982,
      0.0012611547482007676,
      0.001199568199769237,
      0.0011437688522322569,
      0.0010929731320031243
    ],
    "lambda": [
      0.09554546459796295,
      0.005923748171026079,
      0.004702229820976634,
      0.003911253416890796,
      0.0033541180426738646,
      0.0029391556780008423,
      0.0026174659788556843,
      0.0023604388359535003,
      0.0021501632283066454,
      0.00197482815381755,
      0.0018263170520441505,
      0.0016988614967042852,
      0.001588245658251879,
      0.0014913147349677718,
      0.0014056596125547457,
      0.0013294080164749343,
      0.0012610823349880455,
      0.0011995004794563989,
      0.001143705279415,
      0.001092913248710313
    ],
    "log_delta": [
      -2.3,
      -5.125822557233808,
      -5.357366416576884,
      -5.541941125254734,
      -5.6958888938289824,
      -5.82816298544818,
      -5.944239594422816,
      -6.047727278221831,
      -6.141136245334169,
      -6.226286318565332,
      -6.304540582372565,
      -6.37694740909165,
      -6.444331003555016,
      -6.507351425589943,
      -6.566545699102898,
      -6.622356758583039,
      -6.675154323291247,
      -6.7252502657812725,
      -6.772910134961713,
      -6.818361936434121
    ],
    "log_tau": [
      -2.3,
      -5.125684274345388,
      -5.35725102140845,
      -5.541839826851714,
      -5.695797219229364,
      -5.828078326851623,
      -5.944160290581201,
      -6.047652202298924,
      -6.141064596217393,
      -6.226217505479791,
      -6.3044741567001275,
      -6.376883021855001,
      -6.4442683777728185,
      -6.507290337620006,
      -6.566485965708341,
      -6.622298227682161,
      -6.675096867246655,
      -6.725193776412724,
      -6.772854519749618,
      -6.818307115631142
    ],
    "log_lambda": [
      -2.3,
      -5.125822557233808,
      -5.357366416576884,
      -5.541941125254734,
      -5.6958888938289824,
      -5.82816298544818,
      -5.944239594422816,
      -6.047727278221831,
      -6.141136245334169,
      -6.226286318565332,
      -6.304540582372565,
      -6.37694740909165,
      -6.444331003555016,
      -6.507351425589943,
      -6.566545699102898,
      -6.622356758583039,
      -6.675154323291247,
      -6.7252502657812725,
      -6.772910134961713,
      -6.818361936434121
    ],
    "gradient_norm": [
      48.94388405942632,
      4.010589432294718,
      3.1970091220075956,
      2.6665091330371657,
      2.291094979723433,
      2.0105367593112162,
      1.792483673207623,
      1.6179105541273544,
      1.4748589050615994,
      1.355417392106404,
      1.2541347959478621,
      1.167128261922301,
      1.0915546074247042,
      1.0252827131199234,
      0.9666828490888861,
      0.9144868516329926,
      0.8676927576003629,
      0.825498196001591,
      0.7872528810073273,
      0.75242409323361
    ],
    "gradients": [
      [
        -28.258225572338077,
        -28.256842743453877,
        -28.258225572338077
      ],
      [
        -2.315438593430761,
        -2.315667470630622,
        -2.315438593430761
      ],
      [
        -1.845747086778504,
        -1.8458880544326377,
        -1.845747086778504
      ],
      [
        -1.53947768574248,
        -1.5395739237765016,
        -1.53947768574248
      ],
      [
        -1.3227409161919734,
        -1.3228110762225849,
        -1.3227409161919734
      ],
      [
        -1.1607660897463663,
        -1.1608196372957813,
        -1.1607660897463663
      ],
      [
        -1.0348768379901552,
        -1.034919117177226,
        -1.0348768379901552
      ],
      [
        -0.9340896711233775,
        -0.9341239391846908,
        -0.9340896711233775
      ],
      [
        -0.8515007323116314,
        -0.8515290926239754,
        -0.8515007323116314
      ],
      [
        -0.7825426380723242,
        -0.7825665122033658,
        -0.7825426380723242
      ],
      [
        -0.7240682671908488,
        -0.7240886515487374,
        -0.7240682671908488
      ],
      [
        -0.6738359446336594,
        -0.6738535591781785,
        -0.6738359446336594
      ],
      [
        -0.6302042203492662,
        -0.6302195984718718,
        -0.6302042203492662
      ],
      [
        -0.5919427351295479,
        -0.5919562808833527,
        -0.5919427351295479
      ],
      [
        -0.558110594801413,
        -0.5581226197382007,
        -0.558110594801413
      ],
      [
        -0.5279756470820842,
        -0.527986395644937,
        -0.5279756470820842
      ],
      [
        -0.5009594249002509,
        -0.5009690916606951,
        -0.5009594249002509
      ],
      [
        -0.47659869180441067,
        -0.47660743336894146,
        -0.47659869180441067
      ],
      [
        -0.4545180147240755,
        -0.45452595881523333,
        -0.4545180147240755
      ],
      [
        -0.43440983553634605,
        -0.4344170872065116,
        -0.43440983553634605
      ]
    ],
    "timing": [
      4.343109846115112,
      0.9557569026947021,
      0.5787167549133301,
      0.5798280239105225,
      0.5798845291137695,
      0.5831081867218018,
      0.581052303314209,
      0.5779423713684082,
      0.5807826519012451,
      0.5754051208496094,
      0.5803747177124023,
      0.5780267715454102,
      0.578359842300415,
      0.5787951946258545,
      0.5777242183685303,
      0.578885555267334,
      0.5802285671234131,
      0.5799403190612793,
      0.5814657211303711,
      0.58028244972229
    ]
  },
  "newton_method": {
    "iteration": [
      0,
      1,
      2,
      3,
      4,
      5,
      6,
      7,
      8,
      9,
      10,
      11,
      12,
      13,
      14,
      15,
      16,
      17,
      18,
      19
    ],