{
  "gradient_descent": {
    "iteration": [
      0,
      1,
      2,
      3,
      4,
      5,
      6,
      7,
      8,
      9,
      10,
      11,
      12,
      13,
      14
    ],
    "log_likelihood": [
      -110.665762007805,
      -5.9851332637527825,
      -5.9851332637527825,
      -5.9851332637527825,
      -5.9851332637527825,
      -5.9851332637527825,
      -5.9851332637527825,
      -5.9851332637527825,
      -5.9851332637527825,
      -5.9851332637527825,
      -5.9851332637527825,
      -5.9851332637527825,
      -5.9851332637527825,
      -5.9851332637527825,
      -5.9851332637527825
    ],
    "delta": [
      1e-06,
      1e-06,
      1e-06,
      1e-06,
      1e-06,
      1e-06,
      1e-06,
      1e-06,
      1e-06,
      1e-06,
      1e-06,
      1e-06,
      1e-06,
      1e-06,
      1e-06
    ],
    "tau": [
      1e-06,
      1e-06,
      1e-06,
      1e-06,
      1e-06,
      1e-06,
      1e-06,
      1e-06,
      1e-06,
      1e-06,
      1e-06,
      1e-06,
      1e-06,
      1e-06,
      1e-06
    ],
    "lambda": [
      1e-06,
      1e-06,
      1e-06,
      1e-06,
      1e-06,
      1e-06,
      1e-06,
      1e-06,
      1e-06,
      1e-06,
      1e-06,
      1e-06,
      1e-06,
      1e-06,
      1e-06
    ],
    "gradient_norm": [
      531.5976008615735,
      691.0774587005573,
      691.0774587005573,
      691.0774587005573,
      691.0774587005573,
      691.0774587005573,
      691.0774587005573,
      691.0774587005573,
      691.0774587005573,
      691.0774587005573,
      691.0774587005573,
      691.0774587005573,
      691.0774587005573,
      691.0774587005573,
      691.0774587005573
    ],
    "iteration_time": [
      10.436450958251953,
      5.205502271652222,
      4.111549615859985,
      4.052232980728149,
      4.156912326812744,
      4.213672876358032,
      4.105316638946533,
      4.093493938446045,
      4.104536771774292,
      4.1096038818359375,
      4.178168535232544,
      4.111954927444458,
      4.108497142791748,
      4.1573731899261475,
      4.118774652481079
    ],
    "cumulative_time": [
      10.436450958251953,
      15.641953229904175,
      19.75350284576416,
      23.80573582649231,
      27.962648153305054,
      32.176321029663086,
      36.28163766860962,
      40.375131607055664,
      44.479668378829956,
      48.589272260665894,
      52.76744079589844,
      56.879395723342896,
      60.987892866134644,
      65.14526605606079,
      69.26404070854187
    ]
  },
  "newton_method": {
    "iteration": [
      0,
      1,
      2
    ],
    "log_likelihood": [
      -110.665762007805,
      -5.9851332637527825,
      -5.9851332637527825
    ],
    "delta": [
      1e-06,
      1e-06,
      1e-06
    ],
    "tau": [
      1e-06,
      1e-06,
      1e-06
    ],
    "lambda": [
      1e-06,
      1e-06,
      1e-06
    ],
    "gradient_norm": [
      531.5976008615735,
      691.0774587005573,
      691.0774587005573
    ],
    "iteration_time": [
      4.327139377593994,
      7.840039014816284,
      7.800055027008057
    ],
    "cumulative_time": [
      4.327139377593994,
      12.167178392410278,
      19.967233419418335
    ],
    "ll_improvement": [
      0.0,
      104.68062874405221,
      0.0
    ]
  },
  "summary": {
    "speedup": 3.46888521076645,
    "gd_total_time": 69.26404070854187,
    "newton_total_time": 19.967233419418335,
    "gd_iterations": 15,
    "newton_iterations": 3
  }
}