{
  "gradient_descent": {
    "iteration": [
      0,
      1,
      2,
      3,
      4,
      5,
      6,
      7,
      8,
      9
    ],
    "log_likelihood": [
      -110.665762007805,
      -5.9851332637527825,
      -5.9851332637527825,
      -5.9851332637527825,
      -5.9851332637527825,
      -5.9851332637527825,
      -5.9851332637527825,
      -5.9851332637527825,
      -5.9851332637527825,
      -5.9851332637527825
    ],
    "delta": [
      1e-06,
      1e-06,
      1e-06,
      1e-06,
      1e-06,
      1e-06,
      1e-06,
      1e-06,
      1e-06,
      1e-06
    ],
    "tau": [
      1e-06,
      1e-06,
      1e-06,
      1e-06,
      1e-06,
      1e-06,
      1e-06,
      1e-06,
      1e-06,
      1e-06
    ],
    "lambda": [
      1e-06,
      1e-06,
      1e-06,
      1e-06,
      1e-06,
      1e-06,
      1e-06,
      1e-06,
      1e-06,
      1e-06
    ],
    "gradient_norm": [
      531.5976008615735,
      691.0774587005573,
      691.0774587005573,
      691.0774587005573,
      691.0774587005573,
      691.0774587005573,
      691.0774587005573,
      691.0774587005573,
      691.0774587005573,
      691.0774587005573
    ],
    "e_time": [
      0.0010421276092529297,
      0.0006306171417236328,
      0.0002741813659667969,
      0.0002689361572265625,
      0.0002884864807128906,
      0.0002701282501220703,
      0.0002875328063964844,
      0.00028014183044433594,
      0.0002830028533935547,
      0.0003337860107421875
    ],
    "pi_time": [
      2.2545950412750244,
      0.33106160163879395,
      0.22875380516052246,
      0.23436856269836426,
      0.2381453514099121,
      0.23302316665649414,
      0.2440798282623291,
      0.22866487503051758,
      0.24012494087219238,
      0.22581791877746582
    ],
    "ll_time": [
      0.00012969970703125,
      8.654594421386719e-05,
      8.463859558105469e-05,
      0.00011706352233886719,
      8.440017700195312e-05,
      8.821487426757812e-05,
      0.00010919570922851562,
      0.00015354156494140625,
      9.1552734375e-05,
      8.535385131835938e-05
    ],
    "gradient_time": [
      2.086354970932007,
      3.1801319122314453,
      3.1701393127441406,
      3.1962649822235107,
      3.174137830734253,
      3.1796910762786865,
      3.1753087043762207,
      3.2416727542877197,
      3.2948222160339355,
      3.2625019550323486
    ],
    "total_iteration_time": [
      4.572224140167236,
      3.7497408390045166,
      3.6381278038024902,
      3.6650073528289795,
      3.6442861557006836,
      3.656216621398926,
      3.6630735397338867,
      3.709634304046631,
      3.78678822517395,
      3.7232344150543213
    ],
    "cumulative_time": [
      4.572224140167236,
      8.321964979171753,
      11.960092782974243,
      15.625100135803223,
      19.269386291503906,
      22.925602912902832,
      26.58867645263672,
      30.29831075668335,
      34.0850989818573,
      37.80833339691162
    ],
    "e_iterations": [
      9,
      4,
      2,
      2,
      2,
      2,
      2,
      2,
      2,
      2
    ],
    "pi_iterations": [
      50,
      50,
      50,
      50,
      50,
      50,
      50,
      50,
      50,
      50
    ]
  },
  "newton_method": {
    "iteration": [
      0,
      1,
      2
    ],
    "log_likelihood": [
      -110.665762007805,
      -5.9851332637527825,
      -5.9851332637527825
    ],
    "delta": [
      1e-06,
      1e-06,
      1e-06
    ],
    "tau": [
      1e-06,
      1e-06,
      1e-06
    ],
    "lambda": [
      1e-06,
      1e-06,
      1e-06
    ],
    "gradient_norm": [
      531.5976008615735,
      691.0774587005573,
      691.0774587005573
    ],
    "e_time": [
      0.0009710788726806641,
      0.00041794776916503906,
      0.00027632713317871094
    ],
    "pi_time": [
      0.24698829650878906,
      0.23288178443908691,
      0.24035310745239258
    ],
    "ll_time": [
      8.749961853027344e-05,
      0.00010752677917480469,
      8.821487426757812e-05
    ],
    "gradient_time": [
      1.5103557109832764,
      3.255420207977295,
      3.210977554321289
    ],
    "hessian_time": [
      1.4761991500854492,
      3.2081940174102783,
      3.2349021434783936
    ],
    "total_iteration_time": [
      3.481358766555786,
      6.946324348449707,
      6.914534330368042
    ],
    "cumulative_time": [
      3.481358766555786,
      10.427683115005493,
      17.342217445373535
    ],
    "e_iterations": [
      9,
      4,
      2
    ],
    "pi_iterations": [
      50,
      50,
      50
    ],
    "ll_improvement": [
      0.0,
      104.68062874405221,
      0.0
    ]
  },
  "summary": {
    "speedup": 2.1801325877734237,
    "problem_size": {
      "species_leaves": 200,
      "gene_leaves": 200
    }
  }
}